{"cameraMode":{"drawMode":0,"name":"Shaded","section":"Shading Mode"},"sceneLighting":true,"audioPlay":false,"sceneViewState":{"m_AlwaysRefresh":false,"showFog":true,"showSkybox":true,"showFlares":true,"showImageEffects":true,"showParticleSystems":true,"showVisualEffectGraphs":true,"m_FxEnabled":true},"in2DMode":false,"pivot":{"x":1.0833865404129029,"y":-77.77409362792969,"z":89.35424041748047},"rotation":{"x":0.3226180374622345,"y":0.005678461864590645,"z":-0.0019365909975022078,"w":0.9465076923370361},"size":71.4683609008789,"orthographic":false}