{"cameraMode":{"drawMode":0,"name":"Shaded","section":"Shading Mode"},"sceneLighting":true,"audioPlay":false,"sceneViewState":{"m_AlwaysRefresh":false,"showFog":true,"showSkybox":true,"showFlares":true,"showImageEffects":true,"showParticleSystems":true,"showVisualEffectGraphs":true,"m_FxEnabled":true},"in2DMode":false,"pivot":{"x":-52.90784454345703,"y":-25.288467407226564,"z":93.38761901855469},"rotation":{"x":0.019498422741889955,"y":0.005998796317726374,"z":-0.00011698927846737206,"w":0.9997925162315369},"size":6.418680191040039,"orthographic":false}